AgentName,AgentPassword,delaySec,hbAgentURL
agent1@loadtest1.com,changeme,5,http://10.23.175.161:3000/ecc
agent2@loadtest1.com,changeme,10,http://10.23.175.161:3000/ecc
agent3@loadtest1.com,changeme,15,http://10.23.175.161:3000/ecc
agent4@loadtest1.com,changeme,20,http://10.23.175.161:3000/ecc
agent5@loadtest1.com,changeme,25,http://10.23.175.161:3000/ecc
agent6@loadtest1.com,changeme,30,http://10.23.175.161:3000/ecc
agent7@loadtest1.com,changeme,35,http://10.23.175.161:3000/ecc
agent8@loadtest1.com,changeme,40,http://10.23.175.161:3000/ecc
agent9@loadtest1.com,changeme,45,http://10.23.175.161:3000/ecc
agent10@loadtest1.com,changeme,50,http://10.23.175.161:3000/ecc
agent11@loadtest1.com,changeme,55,http://10.23.175.161:3000/ecc
agent12@loadtest1.com,changeme,60,http://10.23.175.161:3000/ecc
agent13@loadtest1.com,changeme,65,http://10.23.175.161:3000/ecc
agent14@loadtest1.com,changeme,70,http://10.23.175.161:3000/ecc
agent15@loadtest1.com,changeme,75,http://10.23.175.161:3000/ecc
agent16@loadtest1.com,changeme,80,http://10.23.175.161:3000/ecc
agent17@loadtest1.com,changeme,85,http://10.23.175.161:3000/ecc
agent18@loadtest1.com,changeme,90,http://10.23.175.161:3000/ecc
agent19@loadtest1.com,changeme,95,http://10.23.175.161:3000/ecc
agent20@loadtest1.com,changeme,100,http://10.23.175.161:3000/ecc
agent21@loadtest1.com,changeme,5,http://10.23.175.161:3000/ecc
agent22@loadtest1.com,changeme,10,http://10.23.175.161:3000/ecc
agent23@loadtest1.com,changeme,15,http://10.23.175.161:3000/ecc
agent24@loadtest1.com,changeme,20,http://10.23.175.161:3000/ecc
agent25@loadtest1.com,changeme,25,http://10.23.175.161:3000/ecc
agent26@loadtest1.com,changeme,30,http://10.23.175.161:3000/ecc
agent27@loadtest1.com,changeme,35,http://10.23.175.161:3000/ecc
agent28@loadtest1.com,changeme,40,http://10.23.175.161:3000/ecc
agent29@loadtest1.com,changeme,45,http://10.23.175.161:3000/ecc
agent30@loadtest1.com,changeme,50,http://10.23.175.161:3000/ecc
agent31@loadtest1.com,changeme,55,http://10.23.175.161:3000/ecc
agent32@loadtest1.com,changeme,60,http://10.23.175.161:3000/ecc
agent33@loadtest1.com,changeme,65,http://10.23.175.161:3000/ecc
agent34@loadtest1.com,changeme,70,http://10.23.175.161:3000/ecc
agent35@loadtest1.com,changeme,75,http://10.23.175.161:3000/ecc
agent36@loadtest1.com,changeme,80,http://10.23.175.161:3000/ecc
agent37@loadtest1.com,changeme,85,http://10.23.175.161:3000/ecc
agent38@loadtest1.com,changeme,90,http://10.23.175.161:3000/ecc
agent39@loadtest1.com,changeme,95,http://10.23.175.161:3000/ecc
agent40@loadtest1.com,changeme,100,http://10.23.175.161:3000/ecc
agent41@loadtest1.com,changeme,5,http://10.23.175.161:3000/ecc
agent42@loadtest1.com,changeme,10,http://10.23.175.161:3000/ecc
agent43@loadtest1.com,changeme,15,http://10.23.175.161:3000/ecc
agent44@loadtest1.com,changeme,20,http://10.23.175.161:3000/ecc
agent45@loadtest1.com,changeme,25,http://10.23.175.161:3000/ecc
agent46@loadtest1.com,changeme,30,http://10.23.175.161:3000/ecc
agent47@loadtest1.com,changeme,35,http://10.23.175.161:3000/ecc
agent48@loadtest1.com,changeme,40,http://10.23.175.161:3000/ecc
agent49@loadtest1.com,changeme,45,http://10.23.175.161:3000/ecc
agent50@loadtest1.com,changeme,50,http://10.23.175.161:3000/ecc
agent51@loadtest1.com,changeme,55,http://10.23.175.161:3000/ecc
agent52@loadtest1.com,changeme,60,http://10.23.175.161:3000/ecc
agent53@loadtest1.com,changeme,65,http://10.23.175.161:3000/ecc
agent54@loadtest1.com,changeme,70,http://10.23.175.161:3000/ecc
agent55@loadtest1.com,changeme,75,http://10.23.175.161:3000/ecc
agent56@loadtest1.com,changeme,80,http://10.23.175.161:3000/ecc
agent57@loadtest1.com,changeme,85,http://10.23.175.161:3000/ecc
agent58@loadtest1.com,changeme,90,http://10.23.175.161:3000/ecc
agent59@loadtest1.com,changeme,95,http://10.23.175.161:3000/ecc
agent60@loadtest1.com,changeme,100,http://10.23.175.161:3000/ecc
agent61@loadtest1.com,changeme,5,http://10.23.175.161:3000/ecc
agent62@loadtest1.com,changeme,10,http://10.23.175.161:3000/ecc
agent63@loadtest1.com,changeme,15,http://10.23.175.161:3000/ecc
agent64@loadtest1.com,changeme,20,http://10.23.175.161:3000/ecc
agent65@loadtest1.com,changeme,25,http://10.23.175.161:3000/ecc
agent66@loadtest1.com,changeme,30,http://10.23.175.161:3000/ecc
agent67@loadtest1.com,changeme,35,http://10.23.175.161:3000/ecc
agent68@loadtest1.com,changeme,40,http://10.23.175.161:3000/ecc
agent69@loadtest1.com,changeme,45,http://10.23.175.161:3000/ecc
agent70@loadtest1.com,changeme,50,http://10.23.175.161:3000/ecc
agent71@loadtest1.com,changeme,55,http://10.23.175.161:3000/ecc
agent72@loadtest1.com,changeme,60,http://10.23.175.161:3000/ecc
agent73@loadtest1.com,changeme,65,http://10.23.175.161:3000/ecc
agent74@loadtest1.com,changeme,70,http://10.23.175.161:3000/ecc
agent75@loadtest1.com,changeme,75,http://10.23.175.161:3000/ecc
agent76@loadtest1.com,changeme,80,http://10.23.175.161:3000/ecc
agent77@loadtest1.com,changeme,85,http://10.23.175.161:3000/ecc
agent78@loadtest1.com,changeme,90,http://10.23.175.161:3000/ecc
agent79@loadtest1.com,changeme,95,http://10.23.175.161:3000/ecc
agent80@loadtest1.com,changeme,100,http://10.23.175.161:3000/ecc
agent81@loadtest1.com,changeme,5,http://10.23.175.161:3000/ecc
agent82@loadtest1.com,changeme,10,http://10.23.175.161:3000/ecc
agent83@loadtest1.com,changeme,15,http://10.23.175.161:3000/ecc
agent84@loadtest1.com,changeme,20,http://10.23.175.161:3000/ecc
agent85@loadtest1.com,changeme,25,http://10.23.175.161:3000/ecc
agent86@loadtest1.com,changeme,30,http://10.23.175.161:3000/ecc
agent87@loadtest1.com,changeme,35,http://10.23.175.161:3000/ecc
agent88@loadtest1.com,changeme,40,http://10.23.175.161:3000/ecc
agent89@loadtest1.com,changeme,45,http://10.23.175.161:3000/ecc
agent90@loadtest1.com,changeme,50,http://10.23.175.161:3000/ecc
agent91@loadtest1.com,changeme,55,http://10.23.175.161:3000/ecc
agent92@loadtest1.com,changeme,60,http://10.23.175.161:3000/ecc
agent93@loadtest1.com,changeme,65,http://10.23.175.161:3000/ecc
agent94@loadtest1.com,changeme,70,http://10.23.175.161:3000/ecc
agent95@loadtest1.com,changeme,75,http://10.23.175.161:3000/ecc
agent96@loadtest1.com,changeme,80,http://10.23.175.161:3000/ecc
agent97@loadtest1.com,changeme,85,http://10.23.175.161:3000/ecc
agent98@loadtest1.com,changeme,90,http://10.23.175.161:3000/ecc
agent99@loadtest1.com,changeme,95,http://10.23.175.161:3000/ecc
agent100loadtest1.com,changeme,100,http://10.23.175.161:3000/ecc
agent101@loadtest1.com,changeme,5,http://10.23.175.161:3000/ecc
agent102@loadtest1.com,changeme,10,http://10.23.175.161:3000/ecc
agent103@loadtest1.com,changeme,15,http://10.23.175.161:3000/ecc
agent104@loadtest1.com,changeme,20,http://10.23.175.161:3000/ecc
agent105@loadtest1.com,changeme,25,http://10.23.175.161:3000/ecc
agent106@loadtest1.com,changeme,30,http://10.23.175.161:3000/ecc
agent107@loadtest1.com,changeme,35,http://10.23.175.161:3000/ecc
agent108@loadtest1.com,changeme,40,http://10.23.175.161:3000/ecc
agent109@loadtest1.com,changeme,45,http://10.23.175.161:3000/ecc
agent110@loadtest1.com,changeme,50,http://10.23.175.161:3000/ecc
agent111@loadtest1.com,changeme,55,http://10.23.175.161:3000/ecc
agent112@loadtest1.com,changeme,60,http://10.23.175.161:3000/ecc
agent113@loadtest1.com,changeme,65,http://10.23.175.161:3000/ecc
agent114@loadtest1.com,changeme,70,http://10.23.175.161:3000/ecc
agent115@loadtest1.com,changeme,75,http://10.23.175.161:3000/ecc
agent116@loadtest1.com,changeme,80,http://10.23.175.161:3000/ecc
agent117@loadtest1.com,changeme,85,http://10.23.175.161:3000/ecc
agent118@loadtest1.com,changeme,90,http://10.23.175.161:3000/ecc
agent119@loadtest1.com,changeme,95,http://10.23.175.161:3000/ecc
agent120loadtest1.com,changeme,100,http://10.23.175.161:3000/ecc
agent121@loadtest1.com,changeme,5,http://10.23.175.161:3000/ecc
agent122@loadtest1.com,changeme,10,http://10.23.175.161:3000/ecc
agent123@loadtest1.com,changeme,15,http://10.23.175.161:3000/ecc
agent124@loadtest1.com,changeme,20,http://10.23.175.161:3000/ecc
agent125@loadtest1.com,changeme,25,http://10.23.175.161:3000/ecc
agent126@loadtest1.com,changeme,30,http://10.23.175.161:3000/ecc
agent127@loadtest1.com,changeme,35,http://10.23.175.161:3000/ecc
agent128@loadtest1.com,changeme,40,http://10.23.175.161:3000/ecc
agent129@loadtest1.com,changeme,45,http://10.23.175.161:3000/ecc
agent130@loadtest1.com,changeme,50,http://10.23.175.161:3000/ecc
agent131@loadtest1.com,changeme,55,http://10.23.175.161:3000/ecc
agent132@loadtest1.com,changeme,60,http://10.23.175.161:3000/ecc
agent133@loadtest1.com,changeme,65,http://10.23.175.161:3000/ecc
agent134@loadtest1.com,changeme,70,http://10.23.175.161:3000/ecc
agent135@loadtest1.com,changeme,75,http://10.23.175.161:3000/ecc
agent136@loadtest1.com,changeme,80,http://10.23.175.161:3000/ecc
agent137@loadtest1.com,changeme,85,http://10.23.175.161:3000/ecc
agent138@loadtest1.com,changeme,90,http://10.23.175.161:3000/ecc
agent139@loadtest1.com,changeme,95,http://10.23.175.161:3000/ecc
agent140loadtest1.com,changeme,100,http://10.23.175.161:3000/ecc
agent141@loadtest1.com,changeme,5,http://10.23.175.161:3000/ecc
agent142@loadtest1.com,changeme,10,http://10.23.175.161:3000/ecc
agent143@loadtest1.com,changeme,15,http://10.23.175.161:3000/ecc
agent144@loadtest1.com,changeme,20,http://10.23.175.161:3000/ecc
agent145@loadtest1.com,changeme,25,http://10.23.175.161:3000/ecc
agent146@loadtest1.com,changeme,30,http://10.23.175.161:3000/ecc
agent147@loadtest1.com,changeme,35,http://10.23.175.161:3000/ecc
agent148@loadtest1.com,changeme,40,http://10.23.175.161:3000/ecc
agent149@loadtest1.com,changeme,45,http://10.23.175.161:3000/ecc
agent150@loadtest1.com,changeme,50,http://10.23.175.161:3000/ecc
agent151@loadtest1.com,changeme,55,http://10.23.175.161:3000/ecc
agent152@loadtest1.com,changeme,60,http://10.23.175.161:3000/ecc
agent153@loadtest1.com,changeme,65,http://10.23.175.161:3000/ecc
agent154@loadtest1.com,changeme,70,http://10.23.175.161:3000/ecc
agent155@loadtest1.com,changeme,75,http://10.23.175.161:3000/ecc
agent156@loadtest1.com,changeme,80,http://10.23.175.161:3000/ecc
agent157@loadtest1.com,changeme,85,http://10.23.175.161:3000/ecc
agent158@loadtest1.com,changeme,90,http://10.23.175.161:3000/ecc
agent159@loadtest1.com,changeme,95,http://10.23.175.161:3000/ecc
agent160loadtest1.com,changeme,100,http://10.23.175.161:3000/ecc
agent161@loadtest1.com,changeme,5,http://10.23.175.161:3000/ecc
agent162@loadtest1.com,changeme,10,http://10.23.175.161:3000/ecc
agent163@loadtest1.com,changeme,15,http://10.23.175.161:3000/ecc
agent164@loadtest1.com,changeme,20,http://10.23.175.161:3000/ecc
agent165@loadtest1.com,changeme,25,http://10.23.175.161:3000/ecc
agent166@loadtest1.com,changeme,30,http://10.23.175.161:3000/ecc
agent167@loadtest1.com,changeme,35,http://10.23.175.161:3000/ecc
agent168@loadtest1.com,changeme,40,http://10.23.175.161:3000/ecc
agent169@loadtest1.com,changeme,45,http://10.23.175.161:3000/ecc
agent170@loadtest1.com,changeme,50,http://10.23.175.161:3000/ecc
agent171@loadtest1.com,changeme,55,http://10.23.175.161:3000/ecc
agent172@loadtest1.com,changeme,60,http://10.23.175.161:3000/ecc
agent173@loadtest1.com,changeme,65,http://10.23.175.161:3000/ecc
agent174@loadtest1.com,changeme,70,http://10.23.175.161:3000/ecc
agent175@loadtest1.com,changeme,75,http://10.23.175.161:3000/ecc
agent176@loadtest1.com,changeme,80,http://10.23.175.161:3000/ecc
agent177@loadtest1.com,changeme,85,http://10.23.175.161:3000/ecc
agent178@loadtest1.com,changeme,90,http://10.23.175.161:3000/ecc
agent179@loadtest1.com,changeme,95,http://10.23.175.161:3000/ecc
agent180loadtest1.com,changeme,100,http://10.23.175.161:3000/ecc
agent181@loadtest1.com,changeme,5,http://10.23.175.161:3000/ecc
agent182@loadtest1.com,changeme,10,http://10.23.175.161:3000/ecc
agent183@loadtest1.com,changeme,15,http://10.23.175.161:3000/ecc
agent184@loadtest1.com,changeme,20,http://10.23.175.161:3000/ecc
agent185@loadtest1.com,changeme,25,http://10.23.175.161:3000/ecc
agent186@loadtest1.com,changeme,30,http://10.23.175.161:3000/ecc
agent187@loadtest1.com,changeme,35,http://10.23.175.161:3000/ecc
agent188@loadtest1.com,changeme,40,http://10.23.175.161:3000/ecc
agent189@loadtest1.com,changeme,45,http://10.23.175.161:3000/ecc
agent190@loadtest1.com,changeme,50,http://10.23.175.161:3000/ecc
agent191@loadtest1.com,changeme,55,http://10.23.175.161:3000/ecc
agent192@loadtest1.com,changeme,60,http://10.23.175.161:3000/ecc
agent193@loadtest1.com,changeme,65,http://10.23.175.161:3000/ecc
agent194@loadtest1.com,changeme,70,http://10.23.175.161:3000/ecc
agent195@loadtest1.com,changeme,75,http://10.23.175.161:3000/ecc
agent196@loadtest1.com,changeme,80,http://10.23.175.161:3000/ecc
agent197@loadtest1.com,changeme,85,http://10.23.175.161:3000/ecc
agent198@loadtest1.com,changeme,90,http://10.23.175.161:3000/ecc
agent199@loadtest1.com,changeme,95,http://10.23.175.161:3000/ecc
agent200loadtest1.com,changeme,100,http://10.23.175.161:3000/ecc
agent151@loadtest1.com,changeme,5,http://10.23.175.161:3000/ecc
agent152@loadtest1.com,changeme,10,http://10.23.175.161:3000/ecc
agent153@loadtest1.com,changeme,15,http://10.23.175.161:3000/ecc
agent154@loadtest1.com,changeme,20,http://10.23.175.161:3000/ecc
agent155@loadtest1.com,changeme,35,http://10.23.175.161:3000/ecc
agent156@loadtest1.com,changeme,40,http://10.23.175.161:3000/ecc
agent157@loadtest1.com,changeme,45,http://10.23.175.161:3000/ecc
agent158@loadtest1.com,changeme,50,http://10.23.175.161:3000/ecc
agent159@loadtest1.com,changeme,55,http://10.23.175.161:3000/ecc
agent160@loadtest1.com,changeme,60,http://10.23.175.161:3000/ecc
agent161@loadtest1.com,changeme,5,http://10.23.175.161:3000/ecc
agent162@loadtest1.com,changeme,10,http://10.23.175.161:3000/ecc
agent163@loadtest1.com,changeme,15,http://10.23.175.161:3000/ecc
agent164@loadtest1.com,changeme,20,http://10.23.175.161:3000/ecc
agent165@loadtest1.com,changeme,25,http://10.23.175.161:3000/ecc
agent166@loadtest1.com,changeme,30,http://10.23.175.161:3000/ecc
agent167@loadtest1.com,changeme,35,http://10.23.175.161:3000/ecc
agent168@loadtest1.com,changeme,40,http://10.23.175.161:3000/ecc
agent169@loadtest1.com,changeme,45,http://10.23.175.161:3000/ecc
agent170@loadtest1.com,changeme,50,http://10.23.175.161:3000/ecc
agent171@loadtest1.com,changeme,55,http://10.23.175.161:3000/ecc
agent172@loadtest1.com,changeme,60,http://10.23.175.161:3000/ecc
agent173@loadtest1.com,changeme,65,http://10.23.175.161:3000/ecc
agent174@loadtest1.com,changeme,70,http://10.23.175.161:3000/ecc
agent175@loadtest1.com,changeme,75,http://10.23.175.161:3000/ecc
agent176@loadtest1.com,changeme,80,http://10.23.175.161:3000/ecc
agent177@loadtest1.com,changeme,85,http://10.23.175.161:3000/ecc
agent178@loadtest1.com,changeme,90,http://10.23.175.161:3000/ecc
agent179@loadtest1.com,changeme,95,http://10.23.175.161:3000/ecc
agent180loadtest1.com,changeme,100,http://10.23.175.161:3000/ecc
agent181@loadtest1.com,changeme,5,http://10.23.175.161:3000/ecc
agent182@loadtest1.com,changeme,10,http://10.23.175.161:3000/ecc
agent183@loadtest1.com,changeme,15,http://10.23.175.161:3000/ecc
agent184@loadtest1.com,changeme,20,http://10.23.175.161:3000/ecc
agent185@loadtest1.com,changeme,25,http://10.23.175.161:3000/ecc
agent186@loadtest1.com,changeme,30,http://10.23.175.161:3000/ecc
agent187@loadtest1.com,changeme,35,http://10.23.175.161:3000/ecc
agent188@loadtest1.com,changeme,40,http://10.23.175.161:3000/ecc
agent189@loadtest1.com,changeme,45,http://10.23.175.161:3000/ecc
agent190@loadtest1.com,changeme,50,http://10.23.175.161:3000/ecc
agent191@loadtest1.com,changeme,55,http://10.23.175.161:3000/ecc
agent192@loadtest1.com,changeme,60,http://10.23.175.161:3000/ecc
agent193@loadtest1.com,changeme,65,http://10.23.175.161:3000/ecc
agent194@loadtest1.com,changeme,70,http://10.23.175.161:3000/ecc
agent195@loadtest1.com,changeme,75,http://10.23.175.161:3000/ecc
agent196@loadtest1.com,changeme,80,http://10.23.175.161:3000/ecc
agent197@loadtest1.com,changeme,85,http://10.23.175.161:3000/ecc
agent198@loadtest1.com,changeme,90,http://10.23.175.161:3000/ecc
agent199@loadtest1.com,changeme,95,http://10.23.175.161:3000/ecc
agent200loadtest1.com,changeme,100,http://10.23.175.161:3000/ecc