superName,superPassword,delaySec
agent1@loadtest1.com,changeme,5
agent2@loadtest1.com,changeme,10
agent3@loadtest1.com,changeme,15
agent4@loadtest1.com,changeme,20
agent5@loadtest1.com,changeme,25
agent6@loadtest1.com,changeme,30
agent7@loadtest1.com,changeme,35
agent8@loadtest1.com,changeme,40
agent9@loadtest1.com,changeme,45
agent10@loadtest1.com,changeme,50
agent11@loadtest1.com,changeme,5
agent12@loadtest1.com,changeme,10
agent13@loadtest1.com,changeme,15
agent14@loadtest1.com,changeme,20
agent15@loadtest1.com,changeme,25
agent16@loadtest1.com,changeme,30
agent17@loadtest1.com,changeme,35
agent18@loadtest1.com,changeme,40
agent19@loadtest1.com,changeme,5
agent20@loadtest1.com,changeme,10
agent21@loadtest1.com,changeme,15
agent22@loadtest1.com,changeme,20
agent23@loadtest1.com,changeme,25
agent24@loadtest1.com,changeme,30
agent25@loadtest1.com,changeme,35
agent26@loadtest1.com,changeme,40
agent27@loadtest1.com,changeme,5
agent28@loadtest1.com,changeme,10
agent29@loadtest1.com,changeme,15
agent30@loadtest1.com,changeme,20
agent31@loadtest1.com,changeme,25
agent32@loadtest1.com,changeme,30
agent33@loadtest1.com,changeme,35
agent34@loadtest1.com,changeme,40
agent35@loadtest1.com,changeme,5
agent36@loadtest1.com,changeme,10
agent37@loadtest1.com,changeme,15
agent38@loadtest1.com,changeme,20
agent39@loadtest1.com,changeme,25
agent40@loadtest1.com,changeme,30
agent41@loadtest1.com,changeme,35
agent42@loadtest1.com,changeme,40
agent43@loadtest1.com,changeme,5
agent44@loadtest1.com,changeme,10
agent45@loadtest1.com,changeme,15
agent46@loadtest1.com,changeme,20
agent47@loadtest1.com,changeme,25
agent48@loadtest1.com,changeme,30
agent49@loadtest1.com,changeme,35
agent50@loadtest1.com,changeme,40
agent1@loadtest1.com,changeme,5
agent2@loadtest1.com,changeme,10
agent3@loadtest1.com,changeme,15
agent4@loadtest1.com,changeme,20
agent5@loadtest1.com,changeme,25
agent6@loadtest1.com,changeme,30
agent7@loadtest1.com,changeme,35
agent8@loadtest1.com,changeme,40
agent9@loadtest1.com,changeme,95
agent10@loadtest1.com,changeme,100
agent11@loadtest1.com,changeme,5
agent12@loadtest1.com,changeme,10
agent13@loadtest1.com,changeme,15
agent14@loadtest1.com,changeme,20
agent15@loadtest1.com,changeme,25
agent16@loadtest1.com,changeme,30
agent17@loadtest1.com,changeme,35
agent18@loadtest1.com,changeme,40
agent19@loadtest1.com,changeme,45
agent20@loadtest1.com,changeme,50
agent21@loadtest1.com,changeme,55
agent22@loadtest1.com,changeme,60
agent23@loadtest1.com,changeme,65
agent24@loadtest1.com,changeme,70
agent25@loadtest1.com,changeme,75
agent26@loadtest1.com,changeme,80
agent27@loadtest1.com,changeme,85
agent28@loadtest1.com,changeme,90
agent29@loadtest1.com,changeme,95
agent30@loadtest1.com,changeme,100
agent31@loadtest1.com,changeme,405
agent82@loadtest1.com,changeme,410
agent83@loadtest1.com,changeme,415
agent84@loadtest1.com,changeme,420
agent85@loadtest1.com,changeme,425
agent86@loadtest1.com,changeme,430
agent87@loadtest1.com,changeme,435
agent88@loadtest1.com,changeme,440
agent89@loadtest1.com,changeme,445
agent90@loadtest1.com,changeme,450
agent91@loadtest1.com,changeme,455
agent92@loadtest1.com,changeme,460
agent93@loadtest1.com,changeme,465
agent94@loadtest1.com,changeme,470
agent95@loadtest1.com,changeme,475
agent96@loadtest1.com,changeme,480
agent97@loadtest1.com,changeme,485
agent98@loadtest1.com,changeme,490
agent99@loadtest1.com,changeme,495
agent100@loadtest1.com,changeme,500
agent101@loadtest1.com,changeme,505
agent102@loadtest1.com,changeme,510
agent103@loadtest1.com,changeme,515
agent104@loadtest1.com,changeme,520
agent105@loadtest1.com,changeme,525
agent106@loadtest1.com,changeme,530
agent107@loadtest1.com,changeme,535
agent108@loadtest1.com,changeme,540
agent109@loadtest1.com,changeme,545
agent110@loadtest1.com,changeme,550
agent111@loadtest1.com,changeme,555
agent112@loadtest1.com,changeme,560
agent113@loadtest1.com,changeme,565
agent114@loadtest1.com,changeme,570
agent115@loadtest1.com,changeme,575
agent116@loadtest1.com,changeme,580
agent117@loadtest1.com,changeme,585
agent118@loadtest1.com,changeme,590
agent119@loadtest1.com,changeme,595
agent120@loadtest1.com,changeme,600
agent121@loadtest1.com,changeme,605
agent122@loadtest1.com,changeme,610
agent123@loadtest1.com,changeme,615
agent124@loadtest1.com,changeme,620
agent125@loadtest1.com,changeme,625
agent126@loadtest1.com,changeme,630
agent127@loadtest1.com,changeme,635
agent128@loadtest1.com,changeme,640
agent129@loadtest1.com,changeme,645
agent130@loadtest1.com,changeme,650
agent131@loadtest1.com,changeme,655
agent132@loadtest1.com,changeme,660
agent133@loadtest1.com,changeme,665
agent134@loadtest1.com,changeme,670
agent135@loadtest1.com,changeme,675
agent136@loadtest1.com,changeme,680
agent137@loadtest1.com,changeme,685
agent138@loadtest1.com,changeme,690
agent139@loadtest1.com,changeme,695
agent140@loadtest1.com,changeme,700
agent141@loadtest1.com,changeme,705
agent142@loadtest1.com,changeme,710
agent143@loadtest1.com,changeme,715
agent144@loadtest1.com,changeme,720
agent145@loadtest1.com,changeme,725
agent146@loadtest1.com,changeme,730
agent147@loadtest1.com,changeme,735
agent148@loadtest1.com,changeme,740
agent149@loadtest1.com,changeme,745
agent150@loadtest1.com,changeme,750
agent151@loadtest1.com,changeme,755
agent152@loadtest1.com,changeme,760
agent153@loadtest1.com,changeme,765
agent154@loadtest1.com,changeme,770
agent155@loadtest1.com,changeme,775
agent156@loadtest1.com,changeme,780
agent157@loadtest1.com,changeme,785
agent158@loadtest1.com,changeme,790
agent159@loadtest1.com,changeme,795
agent160@loadtest1.com,changeme,800
agent161@loadtest1.com,changeme,805
agent162@loadtest1.com,changeme,810
agent163@loadtest1.com,changeme,815
agent164@loadtest1.com,changeme,820
agent165@loadtest1.com,changeme,825
agent166@loadtest1.com,changeme,830
agent167@loadtest1.com,changeme,835
agent168@loadtest1.com,changeme,840
agent169@loadtest1.com,changeme,845
agent170@loadtest1.com,changeme,850
agent171@loadtest1.com,changeme,855
agent172@loadtest1.com,changeme,860
agent173@loadtest1.com,changeme,865
agent174@loadtest1.com,changeme,870
agent175@loadtest1.com,changeme,875
agent176@loadtest1.com,changeme,880
agent177@loadtest1.com,changeme,885
agent178@loadtest1.com,changeme,890
agent179@loadtest1.com,changeme,895
agent180@loadtest1.com,changeme,900
agent181@loadtest1.com,changeme,905
agent182@loadtest1.com,changeme,910
agent183@loadtest1.com,changeme,915
agent184@loadtest1.com,changeme,920
agent185@loadtest1.com,changeme,925
agent186@loadtest1.com,changeme,930
agent187@loadtest1.com,changeme,935
agent188@loadtest1.com,changeme,940
agent189@loadtest1.com,changeme,945
agent190@loadtest1.com,changeme,950
agent191@loadtest1.com,changeme,955
agent192@loadtest1.com,changeme,960
agent193@loadtest1.com,changeme,965
agent194@loadtest1.com,changeme,970
agent195@loadtest1.com,changeme,975
agent196@loadtest1.com,changeme,980
agent197@loadtest1.com,changeme,985
agent198@loadtest1.com,changeme,990
agent199@loadtest1.com,changeme,995
agent1@loadtest1.com,changeme,5
agent2@loadtest1.com,changeme,10
agent3@loadtest1.com,changeme,15
agent4@loadtest1.com,changeme,20
agent5@loadtest1.com,changeme,25
agent6@loadtest1.com,changeme,30
agent7@loadtest1.com,changeme,35
agent8@loadtest1.com,changeme,40
agent9@loadtest1.com,changeme,45
agent10@loadtest1.com,changeme,50
agent11@loadtest1.com,changeme,5
agent12@loadtest1.com,changeme,10
agent13@loadtest1.com,changeme,15
agent14@loadtest1.com,changeme,20
agent15@loadtest1.com,changeme,25
agent16@loadtest1.com,changeme,30
agent17@loadtest1.com,changeme,35
agent18@loadtest1.com,changeme,40
agent19@loadtest1.com,changeme,5
agent20@loadtest1.com,changeme,10
agent21@loadtest1.com,changeme,15
agent22@loadtest1.com,changeme,20
agent23@loadtest1.com,changeme,25
agent24@loadtest1.com,changeme,30
agent25@loadtest1.com,changeme,35
agent26@loadtest1.com,changeme,40
agent27@loadtest1.com,changeme,5
agent28@loadtest1.com,changeme,10
agent29@loadtest1.com,changeme,15
agent30@loadtest1.com,changeme,20
agent31@loadtest1.com,changeme,25
agent32@loadtest1.com,changeme,30
agent33@loadtest1.com,changeme,35
agent34@loadtest1.com,changeme,40
agent35@loadtest1.com,changeme,5
agent36@loadtest1.com,changeme,10
agent37@loadtest1.com,changeme,15
agent38@loadtest1.com,changeme,20
agent39@loadtest1.com,changeme,25
agent40@loadtest1.com,changeme,30
agent41@loadtest1.com,changeme,35
agent42@loadtest1.com,changeme,40
agent43@loadtest1.com,changeme,5
agent44@loadtest1.com,changeme,10
agent45@loadtest1.com,changeme,15
agent46@loadtest1.com,changeme,20
agent47@loadtest1.com,changeme,25
agent48@loadtest1.com,changeme,30
agent49@loadtest1.com,changeme,35
agent50@loadtest1.com,changeme,40